PassengerId,Parch,Fare,Pclass_3,Sex_female,Title_Master,Title_Miss,Title_Mrs,Survived
1,0.0,0.04397492034473911,1.0,0.0,0.0,0.0,0.0,0.0
2,0.0,0.4323693019876057,0.0,1.0,0.0,0.0,1.0,1.0
3,0.0,0.048069137066490686,1.0,1.0,0.0,1.0,0.0,1.0
4,0.0,0.3220783821111237,0.0,1.0,0.0,0.0,1.0,1.0
5,0.0,0.048827325348296535,1.0,0.0,0.0,0.0,0.0,0.0
6,0.0,0.051303871551987144,1.0,0.0,0.0,0.0,0.0,0.0
7,0.0,0.3145723181212458,0.0,0.0,0.0,0.0,0.0,0.0
8,0.5,0.12783054431246577,1.0,0.0,1.0,0.0,0.0,0.0
9,1.0,0.06752910078263227,1.0,1.0,0.0,0.0,1.0,1.0
10,0.0,0.18239462547621804,0.0,1.0,0.0,0.0,1.0,1.0
11,0.5,0.10129395444926112,1.0,1.0,0.0,1.0,0.0,1.0
12,0.0,0.16103919105556186,0.0,1.0,0.0,1.0,0.0,1.0
13,0.0,0.048827325348296535,1.0,0.0,0.0,0.0,0.0,0.0
15,0.0,0.04763969922367585,1.0,1.0,0.0,1.0,0.0,0.0
16,0.0,0.09704810007114838,0.0,1.0,0.0,0.0,1.0,1.0
18,0.0,0.07885158130780806,0.0,0.0,0.0,0.0,0.0,1.0
19,0.0,0.10917911258004193,1.0,1.0,0.0,0.0,1.0,0.0
20,0.0,0.04382328268837794,1.0,1.0,0.0,0.0,1.0,1.0
21,0.0,0.15770316261561612,0.0,0.0,0.0,0.0,0.0,0.0
22,0.0,0.07885158130780806,0.0,0.0,0.0,0.0,0.0,1.0
23,0.0,0.04870116281820403,1.0,1.0,0.0,1.0,0.0,1.0
24,0.0,0.21532547203286048,0.0,0.0,0.0,0.0,0.0,1.0
25,0.5,0.12783054431246577,1.0,1.0,0.0,1.0,0.0,0.0
27,0.0,0.04382328268837794,1.0,0.0,0.0,0.0,0.0,0.0
29,0.0,0.04779133688003702,1.0,1.0,0.0,1.0,0.0,1.0
30,0.0,0.04789202428386084,1.0,0.0,0.0,0.0,0.0,0.0
32,0.0,0.888722828806545,0.0,1.0,0.0,0.0,1.0,1.0
33,0.0,0.0470076734719625,1.0,1.0,0.0,1.0,0.0,1.0
34,0.0,0.06368781567169113,0.0,0.0,0.0,0.0,0.0,0.0
35,0.0,0.49840750133289496,0.0,0.0,0.0,0.0,0.0,0.0
36,0.0,0.31540632523123224,0.0,0.0,0.0,0.0,0.0,0.0
37,0.0,0.043848757814646616,1.0,0.0,0.0,0.0,0.0,1.0
38,0.0,0.048827325348296535,1.0,0.0,0.0,0.0,0.0,0.0
39,0.0,0.10917911258004193,1.0,1.0,0.0,1.0,0.0,0.0
40,0.0,0.0681866016606143,1.0,1.0,0.0,1.0,0.0,1.0
41,0.0,0.057470671760883184,1.0,1.0,0.0,0.0,1.0,0.0
42,0.0,0.12737563134338226,0.0,1.0,0.0,0.0,1.0,0.0
43,0.0,0.04789202428386084,1.0,0.0,0.0,0.0,0.0,0.0
44,1.0,0.2521988976548933,0.0,1.0,0.0,1.0,0.0,1.0
45,0.0,0.04779133688003702,1.0,1.0,0.0,1.0,0.0,1.0
46,0.0,0.048827325348296535,1.0,0.0,0.0,0.0,0.0,0.0
47,0.0,0.094015346943925,1.0,0.0,0.0,0.0,0.0,0.0
49,0.0,0.1314953231914025,1.0,0.0,0.0,0.0,0.0,0.0
50,0.0,0.10796601132915258,1.0,1.0,0.0,0.0,1.0,0.0
52,0.0,0.047310948784684836,1.0,0.0,0.0,0.0,0.0,0.0
53,0.0,0.46540144249869747,0.0,1.0,0.0,0.0,1.0,1.0
54,0.0,0.15770316261561612,0.0,1.0,0.0,0.0,1.0,1.0
55,0.5,0.37593522524560746,0.0,0.0,0.0,0.0,0.0,0.0
56,0.0,0.21532547203286048,0.0,0.0,0.0,0.0,0.0,1.0
57,0.0,0.06368781567169113,0.0,1.0,0.0,1.0,0.0,1.0
58,0.0,0.043848757814646616,1.0,0.0,0.0,0.0,0.0,0.0
59,1.0,0.16831779856089799,0.0,1.0,0.0,1.0,0.0,1.0
61,0.0,0.043848757814646616,1.0,0.0,0.0,0.0,0.0,0.0
62,0.0,0.4852405003557419,0.0,1.0,0.0,1.0,0.0,1.0
63,0.0,0.5063181345899445,0.0,0.0,0.0,0.0,0.0,0.0
64,1.0,0.16922762449906498,1.0,0.0,1.0,0.0,0.0,0.0
65,0.0,0.16814068577826813,0.0,0.0,0.0,0.0,0.0,0.0
66,0.5,0.09247349525404462,1.0,0.0,1.0,0.0,0.0,1.0
67,0.0,0.06368781567169113,0.0,1.0,0.0,0.0,1.0,1.0
68,0.0,0.04948421967565312,1.0,0.0,0.0,0.0,0.0,0.0
70,0.0,0.05254244792914518,1.0,0.0,0.0,0.0,0.0,0.0
71,0.0,0.06368781567169113,0.0,0.0,0.0,0.0,0.0,0.0
73,0.0,0.4458147097018379,0.0,0.0,0.0,0.0,0.0,0.0
74,0.0,0.08767204050302456,1.0,0.0,0.0,0.0,0.0,0.0
75,0.0,0.34267562824997405,1.0,0.0,0.0,0.0,0.0,1.0
76,0.0,0.046401122846517824,1.0,0.0,0.0,0.0,0.0,0.0
79,1.0,0.17589968137895645,0.0,0.0,1.0,0.0,0.0,1.0
80,0.0,0.07566719052422351,1.0,1.0,0.0,1.0,0.0,1.0
81,0.0,0.05458955629002096,1.0,0.0,0.0,0.0,0.0,0.0
82,0.0,0.057622309417244354,1.0,0.0,0.0,0.0,0.0,1.0
83,0.0,0.04723512995650425,1.0,1.0,0.0,1.0,0.0,1.0
84,0.0,0.28568534458444306,0.0,0.0,0.0,0.0,0.0,0.0
85,0.0,0.06368781567169113,0.0,1.0,0.0,1.0,0.0,1.0
86,0.0,0.09613827413298137,1.0,1.0,0.0,0.0,1.0,1.0
90,0.0,0.048827325348296535,1.0,0.0,0.0,0.0,0.0,0.0
91,0.0,0.048827325348296535,1.0,0.0,0.0,0.0,0.0,0.0
92,0.0,0.04763969922367585,1.0,0.0,0.0,0.0,0.0,0.0
93,0.0,0.37105734511578137,0.0,0.0,0.0,0.0,0.0,0.0
94,1.0,0.12479779118524237,1.0,0.0,0.0,0.0,0.0,0.0
95,0.0,0.04397492034473911,1.0,0.0,0.0,0.0,0.0,0.0
97,0.0,0.21019526684284942,0.0,0.0,0.0,0.0,0.0,0.0
98,0.5,0.384300164921115,0.0,0.0,0.0,0.0,0.0,1.0
99,0.5,0.1395066438522758,0.0,1.0,0.0,0.0,1.0,1.0
100,0.0,0.15770316261561612,0.0,0.0,0.0,0.0,0.0,0.0
101,0.0,0.04789202428386084,1.0,1.0,0.0,1.0,0.0,0.0
103,0.5,0.468787814640555,0.0,0.0,0.0,0.0,0.0,0.0
104,0.0,0.052492104227233265,1.0,0.0,0.0,0.0,0.0,0.0
105,0.0,0.048069137066490686,1.0,0.0,0.0,0.0,0.0,0.0
106,0.0,0.04789202428386084,1.0,0.0,0.0,0.0,0.0,0.0
107,0.0,0.046401122846517824,1.0,1.0,0.0,1.0,0.0,1.0
108,0.0,0.04715931112832367,1.0,0.0,0.0,0.0,0.0,1.0
109,0.0,0.04789202428386084,1.0,0.0,0.0,0.0,0.0,0.0
110,0.0,0.14648197604488958,1.0,1.0,0.0,1.0,0.0,1.0
111,0.0,0.31540632523123224,0.0,0.0,0.0,0.0,0.0,0.0
112,0.0,0.08767204050302456,1.0,1.0,0.0,1.0,0.0,0.0
113,0.0,0.048827325348296535,1.0,0.0,0.0,0.0,0.0,0.0
114,0.0,0.05959359894993955,1.0,1.0,0.0,1.0,0.0,0.0
115,0.0,0.08769690907866778,1.0,1.0,0.0,1.0,0.0,0.0
116,0.0,0.048069137066490686,1.0,0.0,0.0,0.0,0.0,0.0
117,0.0,0.0470076734719625,1.0,0.0,0.0,0.0,0.0,0.0
118,0.0,0.12737563134338226,0.0,0.0,0.0,0.0,0.0,0.0
121,0.0,0.4458147097018379,0.0,0.0,0.0,0.0,0.0,0.0
123,0.0,0.18239462547621804,0.0,0.0,0.0,0.0,0.0,0.0
124,0.0,0.07885158130780806,0.0,1.0,0.0,1.0,0.0,1.0
125,0.5,0.468787814640555,0.0,0.0,0.0,0.0,0.0,0.0
126,0.0,0.0681866016606143,1.0,0.0,1.0,0.0,0.0,1.0
127,0.0,0.0470076734719625,1.0,0.0,0.0,0.0,0.0,0.0
128,0.0,0.04331802601738253,1.0,0.0,0.0,0.0,0.0,1.0
129,0.5,0.1356144084887973,1.0,1.0,0.0,1.0,0.0,1.0
130,0.0,0.042306906124766244,1.0,0.0,0.0,0.0,0.0,0.0
131,0.0,0.04789202428386084,1.0,0.0,0.0,0.0,0.0,0.0
132,0.0,0.042761819093849754,1.0,0.0,0.0,0.0,0.0,0.0
133,0.0,0.08794984068947823,1.0,1.0,0.0,0.0,1.0,0.0
135,0.0,0.07885158130780806,0.0,0.0,0.0,0.0,0.0,0.0
136,0.0,0.09126039400315528,0.0,0.0,0.0,0.0,0.0,0.0
137,1.0,0.1594215205375009,0.0,1.0,0.0,1.0,0.0,1.0
138,0.0,0.3220783821111237,0.0,0.0,0.0,0.0,0.0,0.0
139,0.0,0.05590395149535958,1.0,0.0,0.0,0.0,0.0,0.0
140,0.0,0.4803880953521845,0.0,0.0,0.0,0.0,0.0,0.0
141,1.0,0.09247349525404462,1.0,1.0,0.0,0.0,1.0,0.0
142,0.0,0.0470076734719625,1.0,1.0,0.0,1.0,0.0,1.0
143,0.0,0.09613827413298137,1.0,1.0,0.0,0.0,1.0,1.0
144,0.0,0.04094216721751572,1.0,0.0,0.0,0.0,0.0,0.0
145,0.0,0.0697533219261379,0.0,0.0,0.0,0.0,0.0,0.0
146,0.5,0.22290735485091895,0.0,0.0,0.0,0.0,0.0,0.0
147,0.0,0.047285473658416156,1.0,0.0,0.0,0.0,0.0,1.0
148,1.0,0.20850177749660787,1.0,1.0,0.0,1.0,0.0,0.0
149,1.0,0.15770316261561612,0.0,0.0,0.0,0.0,0.0,0.0
152,0.0,0.4039627165461551,0.0,1.0,0.0,0.0,1.0,1.0
153,0.0,0.048827325348296535,1.0,0.0,0.0,0.0,0.0,0.0
154,1.0,0.08794984068947823,1.0,0.0,0.0,0.0,0.0,0.0
155,0.0,0.04435401448564204,1.0,0.0,0.0,0.0,0.0,0.0
156,0.5,0.3722959214929394,0.0,0.0,0.0,0.0,0.0,0.0
157,0.0,0.04690637951751324,1.0,1.0,0.0,1.0,0.0,1.0
158,0.0,0.048827325348296535,1.0,0.0,0.0,0.0,0.0,0.0
159,0.0,0.05254244792914518,1.0,0.0,0.0,0.0,0.0,0.0
161,0.5,0.09765465069659307,1.0,0.0,0.0,0.0,0.0,0.0
162,0.0,0.09553172350753669,0.0,1.0,0.0,0.0,1.0,1.0
163,0.0,0.04715931112832367,1.0,0.0,0.0,0.0,0.0,0.0
164,0.0,0.05254244792914518,1.0,0.0,0.0,0.0,0.0,0.0
166,1.0,0.12449451587252003,1.0,0.0,1.0,0.0,0.0,1.0
167,0.5,0.3336028439945726,0.0,1.0,0.0,0.0,1.0,1.0
169,0.0,0.1572482496465326,0.0,0.0,0.0,0.0,0.0,0.0
170,0.0,0.34267562824997405,1.0,0.0,0.0,0.0,0.0,0.0
171,0.0,0.20319445952396692,0.0,0.0,0.0,0.0,0.0,0.0
173,0.5,0.06752910078263227,1.0,1.0,0.0,1.0,0.0,1.0
175,0.0,0.18618556688524726,0.0,0.0,0.0,0.0,0.0,0.0
176,0.5,0.04763969922367585,1.0,0.0,0.0,0.0,0.0,0.0
177,0.5,0.15446842813011966,1.0,0.0,1.0,0.0,0.0,0.0
178,0.0,0.174155848330803,0.0,1.0,0.0,1.0,0.0,0.0
179,0.0,0.07885158130780806,0.0,0.0,0.0,0.0,0.0,0.0
180,0.0,0.0,1.0,0.0,0.0,0.0,0.0,0.0
182,0.0,0.09128586912942395,0.0,0.0,0.0,0.0,0.0,0.0
184,0.5,0.23655474392342418,0.0,0.0,1.0,0.0,0.0,1.0
185,1.0,0.1335927752541902,1.0,1.0,0.0,1.0,0.0,1.0
186,0.0,0.3032753127223387,0.0,0.0,0.0,0.0,0.0,0.0
187,0.0,0.094015346943925,1.0,1.0,0.0,0.0,1.0,1.0
188,0.0,0.16103919105556186,0.0,0.0,0.0,0.0,0.0,1.0
189,0.5,0.094015346943925,1.0,0.0,0.0,0.0,0.0,0.0
190,0.0,0.04789202428386084,1.0,0.0,0.0,0.0,0.0,0.0
191,0.0,0.07885158130780806,0.0,1.0,0.0,0.0,1.0,1.0
192,0.0,0.07885158130780806,0.0,0.0,0.0,0.0,0.0,0.0
193,0.0,0.04763969922367585,1.0,1.0,0.0,1.0,0.0,1.0
194,0.5,0.15770316261561612,0.0,0.0,1.0,0.0,0.0,1.0
195,0.0,0.16814068577826813,0.0,1.0,0.0,0.0,1.0,1.0
196,0.0,0.888722828806545,0.0,1.0,0.0,1.0,0.0,1.0
198,0.5,0.05097572766362157,1.0,0.0,0.0,0.0,0.0,0.0
200,0.0,0.07885158130780806,0.0,1.0,0.0,1.0,0.0,0.0
201,0.0,0.057622309417244354,1.0,0.0,0.0,0.0,0.0,0.0
203,0.0,0.03940031552763536,1.0,0.0,0.0,0.0,0.0,0.0
204,0.0,0.04382328268837794,1.0,0.0,0.0,0.0,0.0,0.0
205,0.0,0.048827325348296535,1.0,0.0,0.0,0.0,0.0,1.0
206,0.5,0.06346035918714937,1.0,1.0,0.0,1.0,0.0,0.0
207,0.0,0.09613827413298137,1.0,0.0,0.0,0.0,0.0,0.0
208,0.0,0.11395569875541878,1.0,0.0,0.0,0.0,0.0,1.0
209,0.0,0.0470076734719625,1.0,1.0,0.0,1.0,0.0,1.0
210,0.0,0.18803069388785,0.0,0.0,0.0,0.0,0.0,1.0
211,0.0,0.042761819093849754,1.0,0.0,0.0,0.0,0.0,0.0
212,0.0,0.12737563134338226,0.0,1.0,0.0,1.0,0.0,1.0
213,0.0,0.04397492034473911,1.0,0.0,0.0,0.0,0.0,0.0
215,0.0,0.0470076734719625,1.0,0.0,0.0,0.0,0.0,0.0
216,0.0,0.6870702209724584,0.0,1.0,0.0,1.0,0.0,1.0
217,0.0,0.048069137066490686,1.0,1.0,0.0,1.0,0.0,1.0
218,0.0,0.1637686688700629,0.0,0.0,0.0,0.0,0.0,0.0
219,0.0,0.462747783512377,0.0,1.0,0.0,1.0,0.0,1.0
220,0.0,0.06368781567169113,0.0,0.0,0.0,0.0,0.0,0.0
221,0.0,0.048827325348296535,1.0,0.0,0.0,0.0,0.0,1.0
222,0.0,0.07885158130780806,0.0,0.0,0.0,0.0,0.0,0.0
223,0.0,0.048827325348296535,1.0,0.0,0.0,0.0,0.0,0.0
225,0.0,0.5458955629002097,0.0,0.0,0.0,0.0,0.0,1.0
226,0.0,0.056712483479077334,1.0,0.0,0.0,0.0,0.0,0.0
227,0.0,0.06368781567169113,0.0,0.0,0.0,0.0,0.0,1.0
228,0.0,0.04397492034473911,1.0,0.0,0.0,0.0,0.0,0.0
229,0.0,0.07885158130780806,0.0,0.0,0.0,0.0,0.0,0.0
230,0.5,0.15446842813011966,1.0,1.0,0.0,1.0,0.0,0.0
231,0.0,0.5063181345899445,0.0,1.0,0.0,0.0,1.0,1.0
232,0.0,0.04715931112832367,1.0,0.0,0.0,0.0,0.0,0.0
233,0.0,0.08188433443503144,0.0,0.0,0.0,0.0,0.0,0.0
235,0.0,0.06368781567169113,0.0,0.0,0.0,0.0,0.0,0.0
236,0.0,0.045794572221073145,1.0,1.0,0.0,1.0,0.0,0.0
237,0.0,0.15770316261561612,0.0,0.0,0.0,0.0,0.0,0.0
238,1.0,0.15921953917922782,0.0,1.0,0.0,1.0,0.0,1.0
239,0.0,0.06368781567169113,0.0,0.0,0.0,0.0,0.0,0.0
240,0.0,0.07445408927333415,0.0,0.0,0.0,0.0,0.0,0.0
241,0.0,0.08767204050302456,1.0,1.0,0.0,1.0,0.0,0.0
242,0.0,0.094015346943925,1.0,1.0,0.0,1.0,0.0,1.0
243,0.0,0.06368781567169113,0.0,0.0,0.0,0.0,0.0,0.0
244,0.0,0.043216732062933264,1.0,0.0,0.0,0.0,0.0,0.0
245,0.0,0.04382328268837794,1.0,0.0,0.0,0.0,0.0,0.0
247,0.0,0.04715931112832367,1.0,1.0,0.0,1.0,0.0,0.0
248,1.0,0.08794984068947823,0.0,1.0,0.0,0.0,1.0,1.0
249,0.5,0.31876782879744664,0.0,0.0,0.0,0.0,0.0,1.0
251,0.0,0.04397492034473911,1.0,0.0,0.0,0.0,0.0,0.0
252,0.5,0.06346035918714937,1.0,1.0,0.0,0.0,1.0,0.0
253,0.0,0.16103919105556186,0.0,0.0,0.0,0.0,0.0,0.0
254,0.0,0.09765465069659307,1.0,0.0,0.0,0.0,0.0,0.0
255,1.0,0.1225990451680054,1.0,1.0,0.0,0.0,1.0,0.0
256,1.0,0.09247349525404462,1.0,1.0,0.0,0.0,1.0,1.0
257,0.0,0.4803880953521845,0.0,1.0,0.0,0.0,1.0,1.0
258,0.0,0.5246662910096459,0.0,1.0,0.0,1.0,0.0,1.0
260,0.5,0.15770316261561612,0.0,1.0,0.0,0.0,1.0,1.0
263,0.5,0.4831175731666856,0.0,0.0,0.0,0.0,0.0,0.0
264,0.0,0.0,0.0,0.0,0.0,0.0,0.0,0.0
265,0.0,0.0470076734719625,1.0,1.0,0.0,1.0,0.0,0.0
266,0.0,0.06368781567169113,0.0,0.0,0.0,0.0,0.0,0.0
268,0.0,0.04715931112832367,1.0,0.0,0.0,0.0,0.0,1.0
269,0.5,0.930827753573038,0.0,1.0,0.0,0.0,1.0,1.0
270,0.0,0.8226846294612555,0.0,1.0,0.0,1.0,0.0,1.0
271,0.0,0.18803069388785,0.0,0.0,0.0,0.0,0.0,0.0
272,0.0,0.0,1.0,0.0,0.0,0.0,0.0,1.0
273,0.5,0.11827737196171209,0.0,1.0,0.0,0.0,1.0,1.0
274,0.5,0.18014553575706918,0.0,0.0,0.0,0.0,0.0,0.0
276,0.0,0.4728565562360379,0.0,1.0,0.0,1.0,0.0,1.0
277,0.0,0.0470076734719625,1.0,1.0,0.0,1.0,0.0,0.0
278,0.0,0.0,0.0,0.0,0.0,0.0,0.0,0.0
280,0.5,0.12282650165254717,1.0,1.0,0.0,0.0,1.0,1.0
281,0.0,0.0470076734719625,1.0,0.0,0.0,0.0,0.0,0.0
282,0.0,0.04763969922367585,1.0,0.0,0.0,0.0,0.0,0.0
283,0.0,0.057622309417244354,1.0,0.0,0.0,0.0,0.0,0.0
284,0.0,0.048827325348296535,1.0,0.0,0.0,0.0,0.0,1.0
285,0.0,0.15770316261561612,0.0,0.0,0.0,0.0,0.0,0.0
286,0.0,0.05254244792914518,1.0,0.0,0.0,0.0,0.0,0.0
287,0.0,0.057622309417244354,1.0,0.0,0.0,0.0,0.0,1.0
288,0.0,0.04789202428386084,1.0,0.0,0.0,0.0,0.0,0.0
289,0.0,0.07885158130780806,0.0,0.0,0.0,0.0,0.0,1.0
290,0.0,0.0470076734719625,1.0,1.0,0.0,1.0,0.0,1.0
291,0.0,0.4782651681631281,0.0,1.0,0.0,1.0,0.0,1.0
292,0.0,0.5524414572500086,0.0,1.0,0.0,0.0,1.0,1.0
293,0.0,0.07809339302600221,0.0,0.0,0.0,0.0,0.0,0.0
294,0.0,0.05367973035185395,1.0,1.0,0.0,1.0,0.0,0.0
295,0.0,0.04789202428386084,1.0,0.0,0.0,0.0,0.0,0.0
297,0.0,0.043848757814646616,1.0,0.0,0.0,0.0,0.0,0.0
298,1.0,0.9192274728614087,0.0,1.0,0.0,1.0,0.0,0.0
299,0.0,0.18499794076062662,0.0,0.0,0.0,0.0,0.0,1.0
302,0.0,0.1410230204158875,1.0,0.0,0.0,0.0,0.0,1.0
303,0.0,0.0,1.0,0.0,0.0,0.0,0.0,0.0
304,0.0,0.07490900224241766,0.0,1.0,0.0,1.0,0.0,1.0
306,1.0,0.9192274728614087,0.0,0.0,1.0,0.0,0.0,1.0
307,0.0,0.672563349663698,0.0,1.0,0.0,1.0,0.0,1.0
308,0.0,0.6605336311092537,0.0,1.0,0.0,0.0,1.0,1.0
309,0.0,0.1455721501067226,0.0,0.0,0.0,0.0,0.0,0.0
310,0.0,0.3453044186606513,0.0,1.0,0.0,1.0,0.0,1.0
311,0.0,0.5043971887591612,0.0,1.0,0.0,1.0,0.0,1.0
313,0.5,0.15770316261561612,0.0,1.0,0.0,0.0,1.0,0.0
315,0.5,0.15921953917922782,0.0,0.0,0.0,0.0,0.0,0.0
316,0.0,0.04763969922367585,1.0,1.0,0.0,1.0,0.0,1.0
317,0.0,0.15770316261561612,0.0,1.0,0.0,0.0,1.0,1.0
319,1.0,1.0,0.0,1.0,0.0,1.0,0.0,1.0
320,0.5,0.8158105912230911,0.0,1.0,0.0,0.0,1.0,1.0
322,0.0,0.04789202428386084,1.0,0.0,0.0,0.0,0.0,0.0
323,0.0,0.07490900224241766,0.0,1.0,0.0,1.0,0.0,1.0
324,0.5,0.17589968137895645,0.0,1.0,0.0,0.0,1.0,1.0
326,0.0,0.8226846294612555,0.0,1.0,0.0,1.0,0.0,1.0
327,0.0,0.037833595262111754,1.0,0.0,0.0,0.0,0.0,0.0
328,0.0,0.07885158130780806,0.0,1.0,0.0,0.0,1.0,1.0
329,0.5,0.12449451587252003,1.0,1.0,0.0,0.0,1.0,1.0
330,0.5,0.3516732002278204,0.0,1.0,0.0,1.0,0.0,1.0
331,0.0,0.1410230204158875,1.0,1.0,0.0,1.0,0.0,1.0
332,0.0,0.17286692825173305,0.0,0.0,0.0,0.0,0.0,0.0
333,0.5,0.930827753573038,0.0,0.0,0.0,0.0,0.0,0.0
334,0.0,0.10917911258004193,1.0,0.0,0.0,0.0,0.0,0.0
335,0.0,0.8106549109068114,0.0,1.0,0.0,0.0,1.0,1.0
337,0.0,0.4039627165461551,0.0,0.0,0.0,0.0,0.0,0.0
338,0.0,0.8158105912230911,0.0,1.0,0.0,1.0,0.0,1.0
339,0.0,0.048827325348296535,1.0,0.0,0.0,0.0,0.0,1.0
340,0.0,0.21532547203286048,0.0,0.0,0.0,0.0,0.0,0.0
341,0.5,0.15770316261561612,0.0,0.0,1.0,0.0,0.0,1.0
343,0.0,0.07885158130780806,0.0,0.0,0.0,0.0,0.0,0.0
345,0.0,0.07885158130780806,0.0,0.0,0.0,0.0,0.0,0.0
346,0.0,0.07885158130780806,0.0,1.0,0.0,1.0,0.0,1.0
347,0.0,0.07885158130780806,0.0,1.0,0.0,1.0,0.0,1.0
348,0.0,0.09765465069659307,1.0,1.0,0.0,0.0,1.0,1.0
349,0.5,0.09644154944570371,1.0,0.0,1.0,0.0,0.0,1.0
350,0.0,0.05254244792914518,1.0,0.0,0.0,0.0,0.0,0.0
351,0.0,0.055954295197271485,1.0,0.0,0.0,0.0,0.0,0.0
352,0.0,0.21229271890563708,0.0,0.0,0.0,0.0,0.0,0.0
353,0.5,0.043848757814646616,1.0,0.0,0.0,0.0,0.0,0.0
354,0.0,0.10796601132915258,1.0,0.0,0.0,0.0,0.0,0.0
357,0.5,0.3336028439945726,0.0,1.0,0.0,1.0,0.0,1.0
358,0.0,0.07885158130780806,0.0,1.0,0.0,1.0,0.0,0.0
362,0.0,0.16814068577826813,0.0,0.0,0.0,0.0,0.0,0.0
363,0.5,0.08767204050302456,1.0,1.0,0.0,0.0,1.0,0.0
364,0.0,0.042761819093849754,1.0,0.0,0.0,0.0,0.0,0.0
366,0.0,0.04397492034473911,1.0,0.0,0.0,0.0,0.0,0.0
367,0.0,0.45642934564711973,0.0,1.0,0.0,0.0,1.0,1.0
368,0.0,0.043848757814646616,1.0,1.0,0.0,0.0,1.0,1.0
371,0.0,0.3362819781071617,0.0,0.0,0.0,0.0,0.0,1.0
372,0.0,0.03940031552763536,1.0,0.0,0.0,0.0,0.0,0.0
373,0.0,0.048827325348296535,1.0,0.0,0.0,0.0,0.0,0.0
374,0.0,0.8226846294612555,0.0,0.0,0.0,0.0,0.0,0.0
375,0.5,0.12783054431246577,1.0,1.0,0.0,1.0,0.0,0.0
376,0.0,0.49840750133289496,0.0,1.0,0.0,0.0,1.0,1.0
377,0.0,0.04397492034473911,1.0,1.0,0.0,1.0,0.0,1.0
379,0.0,0.024337843845967683,1.0,0.0,0.0,0.0,0.0,0.0
380,0.0,0.04715931112832367,1.0,0.0,0.0,0.0,0.0,0.0
382,1.0,0.09548137980562478,1.0,1.0,0.0,1.0,0.0,1.0
383,0.0,0.048069137066490686,1.0,0.0,0.0,0.0,0.0,0.0
384,0.0,0.31540632523123224,0.0,1.0,0.0,0.0,1.0,1.0
386,0.0,0.4458147097018379,0.0,0.0,0.0,0.0,0.0,0.0
388,0.0,0.07885158130780806,0.0,1.0,0.0,1.0,0.0,1.0
389,0.0,0.04688151094187,1.0,0.0,0.0,0.0,0.0,0.0
390,0.0,0.0727860750533613,0.0,1.0,0.0,1.0,0.0,1.0
391,1.0,0.7278607505336129,0.0,0.0,0.0,0.0,0.0,1.0
392,0.0,0.047285473658416156,1.0,0.0,0.0,0.0,0.0,1.0
393,0.0,0.048069137066490686,1.0,0.0,0.0,0.0,0.0,0.0
394,0.0,0.6870702209724584,0.0,1.0,0.0,1.0,0.0,1.0
395,1.0,0.10129395444926112,1.0,1.0,0.0,0.0,1.0,1.0
396,0.0,0.047285473658416156,1.0,0.0,0.0,0.0,0.0,0.0
397,0.0,0.04763969922367585,1.0,1.0,0.0,1.0,0.0,0.0
398,0.0,0.15770316261561612,0.0,0.0,0.0,0.0,0.0,0.0
400,0.0,0.0767286541187517,0.0,1.0,0.0,0.0,1.0,1.0
401,0.0,0.048069137066490686,1.0,0.0,0.0,0.0,0.0,1.0
402,0.0,0.048827325348296535,1.0,0.0,0.0,0.0,0.0,0.0
403,0.0,0.05959359894993955,1.0,1.0,0.0,1.0,0.0,0.0
404,0.0,0.09613827413298137,1.0,0.0,0.0,0.0,0.0,0.0
405,0.0,0.05254244792914518,1.0,1.0,0.0,1.0,0.0,0.0
406,0.0,0.12737563134338226,0.0,0.0,0.0,0.0,0.0,0.0
407,0.0,0.0470076734719625,1.0,0.0,0.0,0.0,0.0,0.0
408,0.5,0.11372824227087701,0.0,0.0,1.0,0.0,0.0,1.0
409,0.0,0.04715931112832367,1.0,0.0,0.0,0.0,0.0,0.0
412,0.0,0.04159906154487231,1.0,0.0,0.0,0.0,0.0,0.0
413,0.0,0.5458955629002097,0.0,1.0,0.0,1.0,0.0,1.0
415,0.0,0.048069137066490686,1.0,0.0,0.0,0.0,0.0,1.0
416,0.0,0.048827325348296535,1.0,1.0,0.0,0.0,1.0,0.0
417,0.5,0.19712895326952015,0.0,1.0,0.0,0.0,1.0,1.0
418,1.0,0.07885158130780806,0.0,1.0,0.0,1.0,0.0,1.0
420,1.0,0.14648197604488958,1.0,1.0,0.0,1.0,0.0,0.0
422,0.0,0.04690637951751324,1.0,0.0,0.0,0.0,0.0,0.0
423,0.0,0.047765861753768346,1.0,0.0,0.0,0.0,0.0,0.0
424,0.5,0.08734329006403355,1.0,1.0,0.0,0.0,1.0,0.0
425,0.5,0.1225990451680054,1.0,0.0,0.0,0.0,0.0,0.0
427,0.0,0.15770316261561612,0.0,1.0,0.0,0.0,1.0,1.0
428,0.0,0.15770316261561612,0.0,1.0,0.0,1.0,0.0,1.0
430,0.0,0.048827325348296535,1.0,0.0,0.0,0.0,0.0,1.0
431,0.0,0.16103919105556186,0.0,0.0,0.0,0.0,0.0,1.0
433,0.0,0.15770316261561612,0.0,1.0,0.0,0.0,1.0,1.0
434,0.0,0.043216732062933264,1.0,0.0,0.0,0.0,0.0,0.0
435,0.0,0.33906179962357463,0.0,0.0,0.0,0.0,0.0,0.0
436,1.0,0.7278607505336129,0.0,1.0,0.0,1.0,0.0,1.0
437,1.0,0.20850177749660787,1.0,1.0,0.0,1.0,0.0,0.0
440,0.0,0.06368781567169113,0.0,0.0,0.0,0.0,0.0,0.0
441,0.5,0.15921953917922782,0.0,1.0,0.0,0.0,1.0,1.0
442,0.0,0.057622309417244354,1.0,0.0,0.0,0.0,0.0,0.0
443,0.0,0.04715931112832367,1.0,0.0,0.0,0.0,0.0,0.0
445,0.0,0.04920641948919946,1.0,0.0,0.0,0.0,0.0,1.0
446,1.0,0.49651203062838034,0.0,0.0,1.0,0.0,0.0,1.0
447,0.5,0.11827737196171209,0.0,1.0,0.0,1.0,0.0,1.0
448,0.0,0.16103919105556186,0.0,0.0,0.0,0.0,0.0,1.0
449,0.5,0.1168113391000123,1.0,1.0,0.0,1.0,0.0,1.0
451,1.0,0.16831779856089799,0.0,0.0,0.0,0.0,0.0,0.0
452,0.0,0.1211081437306624,1.0,0.0,0.0,0.0,0.0,0.0
453,0.0,0.16831779856089799,0.0,0.0,0.0,0.0,0.0,0.0
454,0.0,0.5404620823974763,0.0,0.0,0.0,0.0,0.0,1.0
456,0.0,0.04789202428386084,1.0,0.0,0.0,0.0,0.0,1.0
457,0.0,0.16103919105556186,0.0,0.0,0.0,0.0,0.0,0.0
458,0.0,0.3145723181212458,0.0,1.0,0.0,0.0,1.0,1.0
459,0.0,0.06368781567169113,0.0,1.0,0.0,1.0,0.0,1.0
461,0.0,0.16103919105556186,0.0,0.0,0.0,0.0,0.0,1.0
462,0.0,0.048827325348296535,1.0,0.0,0.0,0.0,0.0,0.0
463,0.0,0.23352199079620078,0.0,0.0,0.0,0.0,0.0,0.0
464,0.0,0.07885158130780806,0.0,0.0,0.0,0.0,0.0,0.0
466,0.0,0.042761819093849754,1.0,0.0,0.0,0.0,0.0,0.0
468,0.0,0.16103919105556186,0.0,0.0,0.0,0.0,0.0,0.0
469,0.0,0.04685603581560133,1.0,0.0,0.0,0.0,0.0,0.0
470,0.5,0.1168113391000123,1.0,1.0,0.0,1.0,0.0,1.0
472,0.0,0.05254244792914518,1.0,0.0,0.0,0.0,0.0,0.0
473,1.0,0.16831779856089799,0.0,1.0,0.0,0.0,1.0,1.0
474,0.0,0.08365364260945357,0.0,1.0,0.0,0.0,1.0,1.0
475,0.0,0.05966941777812014,1.0,1.0,0.0,1.0,0.0,0.0
476,0.0,0.31540632523123224,0.0,0.0,0.0,0.0,0.0,0.0
478,0.0,0.04273634396758108,1.0,0.0,0.0,0.0,0.0,0.0
479,0.0,0.0456174594384433,1.0,0.0,0.0,0.0,0.0,0.0
480,0.5,0.07452990810151473,1.0,1.0,0.0,1.0,0.0,1.0
483,0.0,0.048827325348296535,1.0,0.0,0.0,0.0,0.0,0.0
484,0.0,0.05815304121450845,1.0,1.0,0.0,0.0,1.0,1.0
485,0.0,0.5524414572500086,0.0,0.0,0.0,0.0,0.0,1.0
487,0.0,0.5458955629002097,0.0,1.0,0.0,0.0,1.0,1.0
488,0.0,0.18014553575706918,0.0,0.0,0.0,0.0,0.0,0.0
490,0.5,0.09644154944570371,1.0,0.0,1.0,0.0,0.0,1.0
492,0.0,0.04397492034473911,1.0,0.0,0.0,0.0,0.0,0.0
493,0.0,0.18499794076062662,0.0,0.0,0.0,0.0,0.0,0.0
494,0.0,0.30026803472138397,0.0,0.0,0.0,0.0,0.0,0.0
496,0.0,0.08769690907866778,1.0,0.0,0.0,0.0,0.0,0.0
497,0.0,0.4747271583649093,0.0,1.0,0.0,1.0,0.0,1.0
498,0.0,0.09158914444214629,1.0,0.0,0.0,0.0,0.0,0.0
499,1.0,0.9192274728614087,0.0,1.0,0.0,0.0,1.0,0.0
500,0.0,0.047285473658416156,1.0,0.0,0.0,0.0,0.0,0.0
502,0.0,0.0470076734719625,1.0,1.0,0.0,1.0,0.0,0.0
503,0.0,0.04627496031642533,1.0,1.0,0.0,1.0,0.0,0.0
504,0.0,0.05815304121450845,1.0,1.0,0.0,1.0,0.0,0.0
505,0.0,0.5246662910096459,0.0,1.0,0.0,1.0,0.0,1.0
506,0.0,0.6605336311092537,0.0,0.0,0.0,0.0,0.0,0.0
507,1.0,0.15770316261561612,0.0,1.0,0.0,0.0,1.0,1.0
508,0.0,0.16103919105556186,0.0,0.0,0.0,0.0,0.0,1.0
509,0.0,0.13662552838141356,1.0,0.0,0.0,0.0,0.0,0.0
510,0.0,0.34267562824997405,1.0,0.0,0.0,0.0,0.0,1.0
511,0.0,0.0470076734719625,1.0,0.0,0.0,0.0,0.0,1.0
513,0.0,0.15944699566376958,0.0,0.0,0.0,0.0,0.0,1.0
514,0.0,0.36029107151413836,0.0,1.0,0.0,0.0,1.0,1.0
515,0.0,0.04546582178208213,1.0,0.0,0.0,0.0,0.0,0.0
516,0.0,0.20635337518128283,0.0,0.0,0.0,0.0,0.0,0.0
517,0.0,0.06368781567169113,0.0,1.0,0.0,0.0,1.0,1.0
518,0.0,0.14648197604488958,1.0,0.0,0.0,0.0,0.0,0.0
519,0.0,0.15770316261561612,0.0,1.0,0.0,0.0,1.0,1.0
520,0.0,0.04789202428386084,1.0,0.0,0.0,0.0,0.0,0.0
521,0.0,0.5671248347907734,0.0,1.0,0.0,1.0,0.0,1.0
524,0.5,0.3516732002278204,0.0,1.0,0.0,0.0,1.0,1.0
525,0.0,0.043848757814646616,1.0,0.0,0.0,0.0,0.0,0.0
526,0.0,0.0470076734719625,1.0,0.0,0.0,0.0,0.0,0.0
529,0.0,0.048069137066490686,1.0,0.0,0.0,0.0,0.0,0.0
530,0.5,0.0697533219261379,0.0,0.0,0.0,0.0,0.0,0.0
531,0.5,0.15770316261561612,0.0,1.0,0.0,1.0,0.0,1.0
533,0.5,0.043848757814646616,1.0,0.0,0.0,0.0,0.0,0.0
534,1.0,0.1356144084887973,1.0,1.0,0.0,0.0,1.0,1.0
535,0.0,0.05254244792914518,1.0,1.0,0.0,1.0,0.0,0.0
536,1.0,0.15921953917922782,0.0,1.0,0.0,1.0,0.0,1.0
538,0.0,0.6455215031294979,0.0,1.0,0.0,1.0,0.0,1.0
539,0.0,0.08794984068947823,1.0,0.0,0.0,0.0,0.0,0.0
540,1.0,0.3002425595951153,0.0,1.0,0.0,1.0,0.0,1.0
541,1.0,0.43065094406572096,0.0,1.0,0.0,1.0,0.0,1.0
544,0.0,0.15770316261561612,0.0,0.0,0.0,0.0,0.0,1.0
545,0.0,0.6455215031294979,0.0,0.0,0.0,0.0,0.0,0.0
546,0.0,0.15770316261561612,0.0,0.0,0.0,0.0,0.0,0.0
547,0.0,0.15770316261561612,0.0,1.0,0.0,0.0,1.0,1.0
548,0.0,0.08408308045226841,0.0,0.0,0.0,0.0,0.0,1.0
549,0.5,0.12449451587252003,1.0,0.0,0.0,0.0,0.0,0.0
550,0.5,0.22290735485091895,0.0,0.0,1.0,0.0,0.0,1.0
551,1.0,0.672563349663698,0.0,0.0,0.0,0.0,0.0,1.0
552,0.0,0.15770316261561612,0.0,0.0,0.0,0.0,0.0,0.0
553,0.0,0.047488061567314686,1.0,0.0,0.0,0.0,0.0,0.0
554,0.0,0.04382328268837794,1.0,0.0,0.0,0.0,0.0,1.0
555,0.0,0.04715931112832367,1.0,1.0,0.0,1.0,0.0,1.0
559,0.5,0.4831175731666856,0.0,1.0,0.0,0.0,1.0,1.0
560,0.0,0.10553980882737386,1.0,1.0,0.0,0.0,1.0,1.0
562,0.0,0.04789202428386084,1.0,0.0,0.0,0.0,0.0,0.0
563,0.0,0.08188433443503144,0.0,0.0,0.0,0.0,0.0,0.0
565,0.0,0.048827325348296535,1.0,1.0,0.0,1.0,0.0,0.0
566,0.0,0.14648197604488958,1.0,0.0,0.0,0.0,0.0,0.0
567,0.0,0.04789202428386084,1.0,0.0,0.0,0.0,0.0,0.0
570,0.0,0.04763969922367585,1.0,0.0,0.0,0.0,0.0,1.0
571,0.0,0.06368781567169113,0.0,0.0,0.0,0.0,0.0,1.0
572,0.0,0.31224740957391633,0.0,1.0,0.0,0.0,1.0,1.0
573,0.0,0.16005354628921425,0.0,0.0,0.0,0.0,0.0,1.0
575,0.0,0.048827325348296535,1.0,0.0,0.0,0.0,0.0,0.0
576,0.0,0.08794984068947823,1.0,0.0,0.0,0.0,0.0,0.0
577,0.0,0.07885158130780806,0.0,1.0,0.0,1.0,0.0,1.0
578,0.0,0.33906179962357463,0.0,1.0,0.0,0.0,1.0,1.0
579,0.0,0.08769690907866778,1.0,1.0,0.0,0.0,1.0,0.0
580,0.0,0.048069137066490686,1.0,0.0,0.0,0.0,0.0,1.0
581,0.5,0.18196518763340322,0.0,1.0,0.0,1.0,0.0,1.0
582,0.5,0.672563349663698,0.0,1.0,0.0,0.0,1.0,1.0
583,0.0,0.15770316261561612,0.0,0.0,0.0,0.0,0.0,0.0
584,0.0,0.2433784384596768,0.0,0.0,0.0,0.0,0.0,0.0
585,0.0,0.05284572324186752,1.0,0.0,0.0,0.0,0.0,0.0
586,1.0,0.4831175731666856,0.0,1.0,0.0,1.0,0.0,1.0
587,0.0,0.09098259381670161,0.0,0.0,0.0,0.0,0.0,0.0
588,0.5,0.4803880953521845,0.0,0.0,0.0,0.0,0.0,1.0
591,0.0,0.043216732062933264,1.0,0.0,0.0,0.0,0.0,0.0
592,0.0,0.4747271583649093,0.0,1.0,0.0,0.0,1.0,1.0
593,0.0,0.04397492034473911,1.0,0.0,0.0,0.0,0.0,0.0
594,1.0,0.0470076734719625,1.0,1.0,0.0,1.0,0.0,0.0
595,0.0,0.15770316261561612,0.0,0.0,0.0,0.0,0.0,0.0
596,0.5,0.14648197604488958,1.0,0.0,0.0,0.0,0.0,0.0
597,0.0,0.20016170639674355,0.0,1.0,0.0,1.0,0.0,1.0
598,0.0,0.0,1.0,0.0,0.0,0.0,0.0,0.0
601,0.5,0.1637686688700629,0.0,1.0,0.0,0.0,1.0,1.0
603,0.0,0.25717746518854323,0.0,0.0,0.0,0.0,0.0,0.0
604,0.0,0.048827325348296535,1.0,0.0,0.0,0.0,0.0,0.0
605,0.0,0.16103919105556186,0.0,0.0,0.0,0.0,0.0,1.0
606,0.0,0.09431862225664733,1.0,0.0,0.0,0.0,0.0,0.0
607,0.0,0.04789202428386084,1.0,0.0,0.0,0.0,0.0,0.0
608,0.0,0.18499794076062662,0.0,0.0,0.0,0.0,0.0,1.0
609,1.0,0.2521988976548933,0.0,1.0,0.0,0.0,1.0,1.0
610,0.0,0.930827753573038,0.0,1.0,0.0,1.0,0.0,1.0
612,0.0,0.042761819093849754,1.0,0.0,0.0,0.0,0.0,0.0
616,1.0,0.3942579065390403,0.0,1.0,0.0,1.0,0.0,1.0
617,0.5,0.08734329006403355,1.0,0.0,0.0,0.0,0.0,0.0
618,0.0,0.09765465069659307,1.0,1.0,0.0,0.0,1.0,0.0
619,0.5,0.23655474392342418,0.0,1.0,0.0,1.0,0.0,1.0
620,0.0,0.06368781567169113,0.0,0.0,0.0,0.0,0.0,0.0
621,0.0,0.08767204050302456,1.0,0.0,0.0,0.0,0.0,0.0
622,0.0,0.31876782879744664,0.0,0.0,0.0,0.0,0.0,1.0
623,0.5,0.09548137980562478,1.0,0.0,0.0,0.0,0.0,1.0
624,0.0,0.04763969922367585,1.0,0.0,0.0,0.0,0.0,0.0
625,0.0,0.09765465069659307,1.0,0.0,0.0,0.0,0.0,0.0
626,0.0,0.19604201454872328,0.0,0.0,0.0,0.0,0.0,0.0
628,0.0,0.4728565562360379,0.0,1.0,0.0,1.0,0.0,1.0
629,0.0,0.04789202428386084,1.0,0.0,0.0,0.0,0.0,0.0
630,0.0,0.04690637951751324,1.0,0.0,0.0,0.0,0.0,0.0
631,0.0,0.18196518763340322,0.0,0.0,0.0,0.0,0.0,1.0
632,0.0,0.042787294220118434,1.0,0.0,0.0,0.0,0.0,0.0
634,0.0,0.0,0.0,0.0,0.0,0.0,0.0,0.0
635,1.0,0.16922762449906498,1.0,1.0,0.0,1.0,0.0,0.0
636,0.0,0.07885158130780806,0.0,1.0,0.0,1.0,0.0,1.0
638,0.5,0.15921953917922782,0.0,0.0,0.0,0.0,0.0,0.0
640,0.0,0.09765465069659307,1.0,0.0,0.0,0.0,0.0,0.0
643,1.0,0.16922762449906498,1.0,1.0,0.0,1.0,0.0,0.0
644,0.0,0.34267562824997405,1.0,0.0,0.0,0.0,0.0,1.0
646,0.0,0.46540144249869747,0.0,0.0,0.0,0.0,0.0,1.0
649,0.0,0.045794572221073145,1.0,0.0,0.0,0.0,0.0,0.0
650,0.0,0.045794572221073145,1.0,1.0,0.0,1.0,0.0,1.0
652,0.5,0.1395066438522758,0.0,1.0,0.0,1.0,0.0,1.0
653,0.0,0.051152233895625975,1.0,0.0,0.0,0.0,0.0,0.0
654,0.0,0.047488061567314686,1.0,1.0,0.0,1.0,0.0,1.0
655,0.0,0.04094216721751572,1.0,1.0,0.0,1.0,0.0,0.0
656,0.0,0.4458147097018379,0.0,0.0,0.0,0.0,0.0,0.0
658,0.5,0.094015346943925,1.0,1.0,0.0,0.0,1.0,0.0
659,0.0,0.07885158130780806,0.0,0.0,0.0,0.0,0.0,0.0
660,1.0,0.6870702209724584,0.0,0.0,0.0,0.0,0.0,0.0
662,0.0,0.04382328268837794,1.0,0.0,0.0,0.0,0.0,0.0
663,0.0,0.15520114128565682,0.0,0.0,0.0,0.0,0.0,0.0
664,0.0,0.04546582178208213,1.0,0.0,0.0,0.0,0.0,0.0
665,0.0,0.048069137066490686,1.0,0.0,0.0,0.0,0.0,1.0
666,0.0,0.4458147097018379,0.0,0.0,0.0,0.0,0.0,0.0
668,0.0,0.04715931112832367,1.0,0.0,0.0,0.0,0.0,0.0
669,0.0,0.048827325348296535,1.0,0.0,0.0,0.0,0.0,0.0
670,0.0,0.31540632523123224,0.0,1.0,0.0,0.0,1.0,1.0
671,0.5,0.23655474392342418,0.0,1.0,0.0,0.0,1.0,1.0
672,0.0,0.31540632523123224,0.0,0.0,0.0,0.0,0.0,0.0
673,0.0,0.06368781567169113,0.0,0.0,0.0,0.0,0.0,0.0
674,0.0,0.07885158130780806,0.0,0.0,0.0,0.0,0.0,1.0
676,0.0,0.04715931112832367,1.0,0.0,0.0,0.0,0.0,0.0
677,0.0,0.048827325348296535,1.0,0.0,0.0,0.0,0.0,0.0
678,0.0,0.05969489290438881,1.0,1.0,0.0,1.0,0.0,1.0
681,0.0,0.049358057145560616,1.0,1.0,0.0,1.0,0.0,0.0
682,0.0,0.46540144249869747,0.0,0.0,0.0,0.0,0.0,1.0
683,0.0,0.055954295197271485,1.0,0.0,0.0,0.0,0.0,0.0
685,0.5,0.23655474392342418,0.0,0.0,0.0,0.0,0.0,0.0
686,1.0,0.2521988976548933,0.0,0.0,0.0,0.0,0.0,0.0
688,0.0,0.06169105101272725,1.0,0.0,0.0,0.0,0.0,0.0
689,0.0,0.047285473658416156,1.0,0.0,0.0,0.0,0.0,0.0
691,0.0,0.3457338565034661,0.0,0.0,0.0,0.0,0.0,1.0
692,0.5,0.08137907776403604,1.0,1.0,0.0,1.0,0.0,1.0
694,0.0,0.04382328268837794,1.0,0.0,0.0,0.0,0.0,0.0
696,0.0,0.08188433443503144,0.0,0.0,0.0,0.0,0.0,0.0
698,0.0,0.04690637951751324,1.0,1.0,0.0,1.0,0.0,1.0
699,0.5,0.672563349663698,0.0,0.0,0.0,0.0,0.0,0.0
700,0.0,0.046401122846517824,1.0,0.0,0.0,0.0,0.0,0.0
702,0.0,0.15944699566376958,0.0,0.0,0.0,0.0,0.0,1.0
703,0.5,0.08767204050302456,1.0,1.0,0.0,1.0,0.0,0.0
704,0.0,0.04695732977005059,1.0,0.0,0.0,0.0,0.0,0.0
705,0.0,0.04763969922367585,1.0,0.0,0.0,0.0,0.0,0.0
706,0.0,0.15770316261561612,0.0,0.0,0.0,0.0,0.0,0.0
707,0.0,0.08188433443503144,0.0,1.0,0.0,0.0,1.0,1.0
708,0.0,0.15944699566376958,0.0,0.0,0.0,0.0,0.0,1.0
709,0.0,0.9192274728614087,0.0,1.0,0.0,1.0,0.0,1.0
712,0.0,0.16103919105556186,0.0,0.0,0.0,0.0,0.0,0.0
713,0.0,0.31540632523123224,0.0,0.0,0.0,0.0,0.0,1.0
714,0.0,0.05752101546279509,1.0,0.0,0.0,0.0,0.0,0.0
715,0.0,0.07885158130780806,0.0,0.0,0.0,0.0,0.0,0.0
716,0.0,0.046401122846517824,1.0,0.0,0.0,0.0,0.0,0.0
718,0.0,0.06368781567169113,0.0,1.0,0.0,1.0,0.0,1.0
719,0.0,0.094015346943925,1.0,0.0,0.0,0.0,0.0,0.0
720,0.0,0.04715931112832367,1.0,0.0,0.0,0.0,0.0,0.0
721,0.5,0.20016170639674355,0.0,1.0,0.0,1.0,0.0,1.0
722,0.0,0.042787294220118434,1.0,0.0,0.0,0.0,0.0,0.0
723,0.0,0.07885158130780806,0.0,0.0,0.0,0.0,0.0,0.0
724,0.0,0.07885158130780806,0.0,0.0,0.0,0.0,0.0,0.0
725,0.0,0.3220783821111237,0.0,0.0,0.0,0.0,0.0,1.0
726,0.0,0.05254244792914518,1.0,0.0,0.0,0.0,0.0,0.0
727,0.0,0.12737563134338226,0.0,1.0,0.0,0.0,1.0,1.0
728,0.0,0.04693185464378191,1.0,1.0,0.0,1.0,0.0,1.0
729,0.0,0.15770316261561612,0.0,0.0,0.0,0.0,0.0,0.0
730,0.0,0.048069137066490686,1.0,1.0,0.0,1.0,0.0,0.0
732,0.0,0.11395569875541878,1.0,0.0,0.0,0.0,0.0,0.0
736,0.0,0.09765465069659307,1.0,0.0,0.0,0.0,0.0,0.0
741,0.0,0.18196518763340322,0.0,0.0,0.0,0.0,0.0,1.0
742,0.0,0.4782651681631281,0.0,0.0,0.0,0.0,0.0,0.0
744,0.0,0.09765465069659307,1.0,0.0,0.0,0.0,0.0,0.0
745,0.0,0.048069137066490686,1.0,0.0,0.0,0.0,0.0,1.0
747,0.5,0.12282650165254717,1.0,0.0,0.0,0.0,0.0,0.0
748,0.0,0.07885158130780806,0.0,1.0,0.0,1.0,0.0,1.0
749,0.0,0.3220783821111237,0.0,0.0,0.0,0.0,0.0,0.0
750,0.0,0.0470076734719625,1.0,0.0,0.0,0.0,0.0,0.0
751,0.5,0.1395066438522758,0.0,1.0,0.0,1.0,0.0,1.0
752,0.5,0.07566719052422351,1.0,0.0,1.0,0.0,0.0,1.0
753,0.0,0.057622309417244354,1.0,0.0,0.0,0.0,0.0,0.0
754,0.0,0.04789202428386084,1.0,0.0,0.0,0.0,0.0,0.0
755,1.0,0.3942579065390403,0.0,1.0,0.0,0.0,1.0,1.0
756,0.5,0.08794984068947823,0.0,0.0,1.0,0.0,0.0,1.0
757,0.0,0.047285473658416156,1.0,0.0,0.0,0.0,0.0,0.0
762,0.0,0.043216732062933264,1.0,0.0,0.0,0.0,0.0,0.0
763,0.0,0.043848757814646616,1.0,0.0,0.0,0.0,0.0,1.0
764,1.0,0.7278607505336129,0.0,1.0,0.0,0.0,1.0,1.0
765,0.0,0.04715931112832367,1.0,0.0,0.0,0.0,0.0,0.0
766,0.0,0.4728565562360379,0.0,1.0,0.0,0.0,1.0,1.0
768,0.0,0.0470076734719625,1.0,1.0,0.0,1.0,0.0,0.0
769,0.0,0.14648197604488958,1.0,0.0,0.0,0.0,0.0,0.0
770,0.0,0.05072279605281115,1.0,0.0,0.0,0.0,0.0,0.0
771,0.0,0.057622309417244354,1.0,0.0,0.0,0.0,0.0,0.0
772,0.0,0.04763969922367585,1.0,0.0,0.0,0.0,0.0,0.0
773,0.0,0.06368781567169113,0.0,1.0,0.0,0.0,1.0,0.0
776,0.0,0.0470076734719625,1.0,0.0,0.0,0.0,0.0,0.0
778,0.0,0.07566719052422351,1.0,1.0,0.0,1.0,0.0,1.0
779,0.0,0.04693185464378191,1.0,0.0,0.0,0.0,0.0,0.0
781,0.0,0.043848757814646616,1.0,1.0,0.0,1.0,0.0,1.0
782,0.0,0.3457338565034661,0.0,1.0,0.0,0.0,1.0,1.0
783,0.0,0.18196518763340322,0.0,0.0,0.0,0.0,0.0,0.0
784,1.0,0.14223612166677685,1.0,0.0,0.0,0.0,0.0,0.0
785,0.0,0.042761819093849754,1.0,0.0,0.0,0.0,0.0,0.0
786,0.0,0.04397492034473911,1.0,0.0,0.0,0.0,0.0,0.0
787,0.0,0.04546582178208213,1.0,1.0,0.0,1.0,0.0,1.0
789,1.0,0.12479779118524237,1.0,0.0,1.0,0.0,0.0,1.0
790,0.0,0.4803880953521845,0.0,0.0,0.0,0.0,0.0,0.0
792,0.0,0.15770316261561612,0.0,0.0,0.0,0.0,0.0,0.0
794,0.0,0.18618556688524726,0.0,0.0,0.0,0.0,0.0,0.0
795,0.0,0.04789202428386084,1.0,0.0,0.0,0.0,0.0,0.0
796,0.0,0.07885158130780806,0.0,0.0,0.0,0.0,0.0,0.0
798,0.0,0.052668610459237666,1.0,1.0,0.0,0.0,1.0,1.0
799,0.0,0.043848757814646616,1.0,0.0,0.0,0.0,0.0,0.0
800,0.5,0.14648197604488958,1.0,1.0,0.0,0.0,1.0,0.0
802,0.5,0.15921953917922782,0.0,1.0,0.0,0.0,1.0,1.0
803,1.0,0.7278607505336129,0.0,0.0,1.0,0.0,0.0,1.0
804,0.5,0.05165809711724684,1.0,0.0,1.0,0.0,0.0,1.0
805,0.0,0.042306906124766244,1.0,0.0,0.0,0.0,0.0,1.0
806,0.0,0.04715931112832367,1.0,0.0,0.0,0.0,0.0,0.0
807,0.0,0.0,0.0,0.0,0.0,0.0,0.0,0.0
808,0.0,0.04715931112832367,1.0,1.0,0.0,1.0,0.0,0.0
810,0.0,0.3220783821111237,0.0,1.0,0.0,0.0,1.0,1.0
811,0.0,0.04784168058194893,1.0,0.0,0.0,0.0,0.0,0.0
812,0.0,0.14648197604488958,1.0,0.0,0.0,0.0,0.0,0.0
813,0.0,0.06368781567169113,0.0,0.0,0.0,0.0,0.0,0.0
815,0.0,0.048827325348296535,1.0,0.0,0.0,0.0,0.0,0.0
817,0.0,0.048069137066490686,1.0,1.0,0.0,1.0,0.0,0.0
818,0.5,0.2244492065407993,0.0,0.0,0.0,0.0,0.0,0.0
819,0.0,0.03912251534118169,1.0,0.0,0.0,0.0,0.0,0.0
820,1.0,0.16922762449906498,1.0,0.0,1.0,0.0,0.0,0.0
821,0.5,0.5671248347907734,0.0,1.0,0.0,0.0,1.0,1.0
822,0.0,0.05254244792914518,1.0,0.0,0.0,0.0,0.0,1.0
824,0.5,0.07566719052422351,1.0,1.0,0.0,0.0,1.0,1.0
826,0.0,0.04215526846840508,1.0,0.0,0.0,0.0,0.0,0.0
827,0.0,0.34267562824997405,1.0,0.0,0.0,0.0,0.0,0.0
828,1.0,0.2244492065407993,0.0,0.0,1.0,0.0,0.0,1.0
829,0.0,0.0470076734719625,1.0,0.0,0.0,0.0,0.0,1.0
830,0.0,0.4852405003557419,0.0,1.0,0.0,0.0,1.0,1.0
831,0.0,0.08767204050302456,1.0,1.0,0.0,0.0,1.0,1.0
832,0.5,0.11372824227087701,0.0,0.0,1.0,0.0,0.0,1.0
834,0.0,0.04763969922367585,1.0,0.0,0.0,0.0,0.0,0.0
835,0.0,0.05034370191190823,1.0,0.0,0.0,0.0,0.0,0.0
836,0.5,0.5043971887591612,0.0,1.0,0.0,1.0,0.0,1.0
837,0.0,0.05254244792914518,1.0,0.0,0.0,0.0,0.0,0.0
840,0.0,0.18014553575706918,0.0,0.0,0.0,0.0,0.0,1.0
841,0.0,0.048069137066490686,1.0,0.0,0.0,0.0,0.0,0.0
842,0.0,0.06368781567169113,0.0,0.0,0.0,0.0,0.0,0.0
843,0.0,0.18803069388785,0.0,1.0,0.0,1.0,0.0,1.0
844,0.0,0.039046696513001106,1.0,0.0,0.0,0.0,0.0,0.0
846,0.0,0.045794572221073145,1.0,0.0,0.0,0.0,0.0,0.0
848,0.0,0.04789202428386084,1.0,0.0,0.0,0.0,0.0,0.0
850,0.0,0.5404620823974763,0.0,1.0,0.0,0.0,1.0,1.0
852,0.0,0.04715931112832367,1.0,0.0,0.0,0.0,0.0,0.0
853,0.5,0.09247349525404462,1.0,1.0,0.0,1.0,0.0,0.0
854,0.5,0.23898094642520287,0.0,1.0,0.0,1.0,0.0,1.0
855,0.0,0.15770316261561612,0.0,1.0,0.0,0.0,1.0,0.0
856,0.5,0.056712483479077334,1.0,1.0,0.0,0.0,1.0,1.0
857,0.5,1.0,0.0,1.0,0.0,0.0,1.0,1.0
858,0.0,0.16103919105556186,0.0,0.0,0.0,0.0,0.0,1.0
861,0.0,0.08557398188961142,1.0,0.0,0.0,0.0,0.0,0.0
862,0.0,0.0697533219261379,0.0,0.0,0.0,0.0,0.0,0.0
863,0.0,0.1572737247728013,0.0,1.0,0.0,0.0,1.0,1.0
865,0.0,0.07885158130780806,0.0,0.0,0.0,0.0,0.0,0.0
866,0.0,0.07885158130780806,0.0,1.0,0.0,0.0,1.0,1.0
867,0.0,0.08405760532599972,0.0,1.0,0.0,1.0,0.0,1.0
868,0.0,0.30628259072329345,0.0,0.0,0.0,0.0,0.0,0.0
869,0.0,0.057622309417244354,1.0,0.0,0.0,0.0,0.0,0.0
870,0.5,0.06752910078263227,1.0,0.0,1.0,0.0,0.0,1.0
872,0.5,0.31876782879744664,0.0,1.0,0.0,0.0,1.0,1.0
873,0.0,0.03032753127223387,0.0,0.0,0.0,0.0,0.0,0.0
874,0.0,0.05458955629002096,1.0,0.0,0.0,0.0,0.0,0.0
875,0.0,0.1455721501067226,0.0,1.0,0.0,0.0,1.0,1.0
876,0.0,0.04382328268837794,1.0,1.0,0.0,1.0,0.0,1.0
877,0.0,0.05971976148003205,1.0,0.0,0.0,0.0,0.0,0.0
880,0.5,0.5043971887591612,0.0,1.0,0.0,0.0,1.0,1.0
881,0.5,0.15770316261561612,0.0,1.0,0.0,0.0,1.0,1.0
882,0.0,0.04789202428386084,1.0,0.0,0.0,0.0,0.0,0.0
883,0.0,0.06378910962614039,1.0,1.0,0.0,1.0,0.0,0.0
884,0.0,0.06368781567169113,0.0,0.0,0.0,0.0,0.0,0.0
888,0.0,0.18196518763340322,0.0,1.0,0.0,1.0,0.0,1.0
889,1.0,0.14223612166677685,1.0,1.0,0.0,1.0,0.0,0.0
890,0.0,0.18196518763340322,0.0,0.0,0.0,0.0,0.0,1.0
891,0.0,0.0470076734719625,1.0,0.0,0.0,0.0,0.0,0.0
